

INSERT INTO `sys_page`(`page_name`,`page_title`,`memo`)VALUES('checkassignmentdetail','xxx','');

INSERT INTO `dmt`.`sys_fun`(`fun_no`,`page_name`,`action_type`,`action_no`,`action_name`)VALUES('checkassignmentdetail/l','checkassignmentdetail','l','l','xxx列表');
INSERT INTO `dmt`.`sys_fun`(`fun_no`,`page_name`,`action_type`,`action_no`,`action_name`)VALUES('checkassignmentdetail/c','checkassignmentdetail','c','c','创建xxx');
INSERT INTO `dmt`.`sys_fun`(`fun_no`,`page_name`,`action_type`,`action_no`,`action_name`)VALUES('checkassignmentdetail/r','checkassignmentdetail','r','r','xxx详情');
INSERT INTO `dmt`.`sys_fun`(`fun_no`,`page_name`,`action_type`,`action_no`,`action_name`)VALUES('checkassignmentdetail/u','checkassignmentdetail','u','u','更新xxx');
INSERT INTO `dmt`.`sys_fun`(`fun_no`,`page_name`,`action_type`,`action_no`,`action_name`)VALUES('checkassignmentdetail/d','checkassignmentdetail','d','d','删除xxx');

INSERT INTO `dmt`.`sys_role_fun`(`role_no`,`fun_no`)VALUES('Z','checkassignmentdetail/l');
INSERT INTO `dmt`.`sys_role_fun`(`role_no`,`fun_no`)VALUES('Z','checkassignmentdetail/c');
INSERT INTO `dmt`.`sys_role_fun`(`role_no`,`fun_no`)VALUES('Z','checkassignmentdetail/r');
INSERT INTO `dmt`.`sys_role_fun`(`role_no`,`fun_no`)VALUES('Z','checkassignmentdetail/u');
INSERT INTO `dmt`.`sys_role_fun`(`role_no`,`fun_no`)VALUES('Z','checkassignmentdetail/d');

INSERT INTO `sys_page`(`page_name`,`page_title`,`memo`)VALUES('checkassignment','xxx','');

INSERT INTO `dmt`.`sys_fun`(`fun_no`,`page_name`,`action_type`,`action_no`,`action_name`)VALUES('checkassignment/l','checkassignment','l','l','xxx列表');
INSERT INTO `dmt`.`sys_fun`(`fun_no`,`page_name`,`action_type`,`action_no`,`action_name`)VALUES('checkassignment/c','checkassignment','c','c','创建xxx');
INSERT INTO `dmt`.`sys_fun`(`fun_no`,`page_name`,`action_type`,`action_no`,`action_name`)VALUES('checkassignment/r','checkassignment','r','r','xxx详情');
INSERT INTO `dmt`.`sys_fun`(`fun_no`,`page_name`,`action_type`,`action_no`,`action_name`)VALUES('checkassignment/u','checkassignment','u','u','更新xxx');
INSERT INTO `dmt`.`sys_fun`(`fun_no`,`page_name`,`action_type`,`action_no`,`action_name`)VALUES('checkassignment/d','checkassignment','d','d','删除xxx');

INSERT INTO `dmt`.`sys_role_fun`(`role_no`,`fun_no`)VALUES('Z','checkassignment/l');
INSERT INTO `dmt`.`sys_role_fun`(`role_no`,`fun_no`)VALUES('Z','checkassignment/c');
INSERT INTO `dmt`.`sys_role_fun`(`role_no`,`fun_no`)VALUES('Z','checkassignment/r');
INSERT INTO `dmt`.`sys_role_fun`(`role_no`,`fun_no`)VALUES('Z','checkassignment/u');
INSERT INTO `dmt`.`sys_role_fun`(`role_no`,`fun_no`)VALUES('Z','checkassignment/d');

INSERT INTO `sys_page`(`page_name`,`page_title`,`memo`)VALUES('checkround','xxx','');

INSERT INTO `dmt`.`sys_fun`(`fun_no`,`page_name`,`action_type`,`action_no`,`action_name`)VALUES('checkround/l','checkround','l','l','xxx列表');
INSERT INTO `dmt`.`sys_fun`(`fun_no`,`page_name`,`action_type`,`action_no`,`action_name`)VALUES('checkround/c','checkround','c','c','创建xxx');
INSERT INTO `dmt`.`sys_fun`(`fun_no`,`page_name`,`action_type`,`action_no`,`action_name`)VALUES('checkround/r','checkround','r','r','xxx详情');
INSERT INTO `dmt`.`sys_fun`(`fun_no`,`page_name`,`action_type`,`action_no`,`action_name`)VALUES('checkround/u','checkround','u','u','更新xxx');
INSERT INTO `dmt`.`sys_fun`(`fun_no`,`page_name`,`action_type`,`action_no`,`action_name`)VALUES('checkround/d','checkround','d','d','删除xxx');

INSERT INTO `dmt`.`sys_role_fun`(`role_no`,`fun_no`)VALUES('Z','checkround/l');
INSERT INTO `dmt`.`sys_role_fun`(`role_no`,`fun_no`)VALUES('Z','checkround/c');
INSERT INTO `dmt`.`sys_role_fun`(`role_no`,`fun_no`)VALUES('Z','checkround/r');
INSERT INTO `dmt`.`sys_role_fun`(`role_no`,`fun_no`)VALUES('Z','checkround/u');
INSERT INTO `dmt`.`sys_role_fun`(`role_no`,`fun_no`)VALUES('Z','checkround/d');

INSERT INTO `sys_page`(`page_name`,`page_title`,`memo`)VALUES('countrylanguage','xxx','');

INSERT INTO `dmt`.`sys_fun`(`fun_no`,`page_name`,`action_type`,`action_no`,`action_name`)VALUES('countrylanguage/l','countrylanguage','l','l','xxx列表');
INSERT INTO `dmt`.`sys_fun`(`fun_no`,`page_name`,`action_type`,`action_no`,`action_name`)VALUES('countrylanguage/c','countrylanguage','c','c','创建xxx');
INSERT INTO `dmt`.`sys_fun`(`fun_no`,`page_name`,`action_type`,`action_no`,`action_name`)VALUES('countrylanguage/r','countrylanguage','r','r','xxx详情');
INSERT INTO `dmt`.`sys_fun`(`fun_no`,`page_name`,`action_type`,`action_no`,`action_name`)VALUES('countrylanguage/u','countrylanguage','u','u','更新xxx');
INSERT INTO `dmt`.`sys_fun`(`fun_no`,`page_name`,`action_type`,`action_no`,`action_name`)VALUES('countrylanguage/d','countrylanguage','d','d','删除xxx');

INSERT INTO `dmt`.`sys_role_fun`(`role_no`,`fun_no`)VALUES('Z','countrylanguage/l');
INSERT INTO `dmt`.`sys_role_fun`(`role_no`,`fun_no`)VALUES('Z','countrylanguage/c');
INSERT INTO `dmt`.`sys_role_fun`(`role_no`,`fun_no`)VALUES('Z','countrylanguage/r');
INSERT INTO `dmt`.`sys_role_fun`(`role_no`,`fun_no`)VALUES('Z','countrylanguage/u');
INSERT INTO `dmt`.`sys_role_fun`(`role_no`,`fun_no`)VALUES('Z','countrylanguage/d');

INSERT INTO `sys_page`(`page_name`,`page_title`,`memo`)VALUES('country','xxx','');

INSERT INTO `dmt`.`sys_fun`(`fun_no`,`page_name`,`action_type`,`action_no`,`action_name`)VALUES('country/l','country','l','l','xxx列表');
INSERT INTO `dmt`.`sys_fun`(`fun_no`,`page_name`,`action_type`,`action_no`,`action_name`)VALUES('country/c','country','c','c','创建xxx');
INSERT INTO `dmt`.`sys_fun`(`fun_no`,`page_name`,`action_type`,`action_no`,`action_name`)VALUES('country/r','country','r','r','xxx详情');
INSERT INTO `dmt`.`sys_fun`(`fun_no`,`page_name`,`action_type`,`action_no`,`action_name`)VALUES('country/u','country','u','u','更新xxx');
INSERT INTO `dmt`.`sys_fun`(`fun_no`,`page_name`,`action_type`,`action_no`,`action_name`)VALUES('country/d','country','d','d','删除xxx');

INSERT INTO `dmt`.`sys_role_fun`(`role_no`,`fun_no`)VALUES('Z','country/l');
INSERT INTO `dmt`.`sys_role_fun`(`role_no`,`fun_no`)VALUES('Z','country/c');
INSERT INTO `dmt`.`sys_role_fun`(`role_no`,`fun_no`)VALUES('Z','country/r');
INSERT INTO `dmt`.`sys_role_fun`(`role_no`,`fun_no`)VALUES('Z','country/u');
INSERT INTO `dmt`.`sys_role_fun`(`role_no`,`fun_no`)VALUES('Z','country/d');

INSERT INTO `sys_page`(`page_name`,`page_title`,`memo`)VALUES('ctcommon','xxx','');

INSERT INTO `dmt`.`sys_fun`(`fun_no`,`page_name`,`action_type`,`action_no`,`action_name`)VALUES('ctcommon/l','ctcommon','l','l','xxx列表');
INSERT INTO `dmt`.`sys_fun`(`fun_no`,`page_name`,`action_type`,`action_no`,`action_name`)VALUES('ctcommon/c','ctcommon','c','c','创建xxx');
INSERT INTO `dmt`.`sys_fun`(`fun_no`,`page_name`,`action_type`,`action_no`,`action_name`)VALUES('ctcommon/r','ctcommon','r','r','xxx详情');
INSERT INTO `dmt`.`sys_fun`(`fun_no`,`page_name`,`action_type`,`action_no`,`action_name`)VALUES('ctcommon/u','ctcommon','u','u','更新xxx');
INSERT INTO `dmt`.`sys_fun`(`fun_no`,`page_name`,`action_type`,`action_no`,`action_name`)VALUES('ctcommon/d','ctcommon','d','d','删除xxx');

INSERT INTO `dmt`.`sys_role_fun`(`role_no`,`fun_no`)VALUES('Z','ctcommon/l');
INSERT INTO `dmt`.`sys_role_fun`(`role_no`,`fun_no`)VALUES('Z','ctcommon/c');
INSERT INTO `dmt`.`sys_role_fun`(`role_no`,`fun_no`)VALUES('Z','ctcommon/r');
INSERT INTO `dmt`.`sys_role_fun`(`role_no`,`fun_no`)VALUES('Z','ctcommon/u');
INSERT INTO `dmt`.`sys_role_fun`(`role_no`,`fun_no`)VALUES('Z','ctcommon/d');

INSERT INTO `sys_page`(`page_name`,`page_title`,`memo`)VALUES('ctroman','xxx','');

INSERT INTO `dmt`.`sys_fun`(`fun_no`,`page_name`,`action_type`,`action_no`,`action_name`)VALUES('ctroman/l','ctroman','l','l','xxx列表');
INSERT INTO `dmt`.`sys_fun`(`fun_no`,`page_name`,`action_type`,`action_no`,`action_name`)VALUES('ctroman/c','ctroman','c','c','创建xxx');
INSERT INTO `dmt`.`sys_fun`(`fun_no`,`page_name`,`action_type`,`action_no`,`action_name`)VALUES('ctroman/r','ctroman','r','r','xxx详情');
INSERT INTO `dmt`.`sys_fun`(`fun_no`,`page_name`,`action_type`,`action_no`,`action_name`)VALUES('ctroman/u','ctroman','u','u','更新xxx');
INSERT INTO `dmt`.`sys_fun`(`fun_no`,`page_name`,`action_type`,`action_no`,`action_name`)VALUES('ctroman/d','ctroman','d','d','删除xxx');

INSERT INTO `dmt`.`sys_role_fun`(`role_no`,`fun_no`)VALUES('Z','ctroman/l');
INSERT INTO `dmt`.`sys_role_fun`(`role_no`,`fun_no`)VALUES('Z','ctroman/c');
INSERT INTO `dmt`.`sys_role_fun`(`role_no`,`fun_no`)VALUES('Z','ctroman/r');
INSERT INTO `dmt`.`sys_role_fun`(`role_no`,`fun_no`)VALUES('Z','ctroman/u');
INSERT INTO `dmt`.`sys_role_fun`(`role_no`,`fun_no`)VALUES('Z','ctroman/d');

INSERT INTO `sys_page`(`page_name`,`page_title`,`memo`)VALUES('cttransliteration','xxx','');

INSERT INTO `dmt`.`sys_fun`(`fun_no`,`page_name`,`action_type`,`action_no`,`action_name`)VALUES('cttransliteration/l','cttransliteration','l','l','xxx列表');
INSERT INTO `dmt`.`sys_fun`(`fun_no`,`page_name`,`action_type`,`action_no`,`action_name`)VALUES('cttransliteration/c','cttransliteration','c','c','创建xxx');
INSERT INTO `dmt`.`sys_fun`(`fun_no`,`page_name`,`action_type`,`action_no`,`action_name`)VALUES('cttransliteration/r','cttransliteration','r','r','xxx详情');
INSERT INTO `dmt`.`sys_fun`(`fun_no`,`page_name`,`action_type`,`action_no`,`action_name`)VALUES('cttransliteration/u','cttransliteration','u','u','更新xxx');
INSERT INTO `dmt`.`sys_fun`(`fun_no`,`page_name`,`action_type`,`action_no`,`action_name`)VALUES('cttransliteration/d','cttransliteration','d','d','删除xxx');

INSERT INTO `dmt`.`sys_role_fun`(`role_no`,`fun_no`)VALUES('Z','cttransliteration/l');
INSERT INTO `dmt`.`sys_role_fun`(`role_no`,`fun_no`)VALUES('Z','cttransliteration/c');
INSERT INTO `dmt`.`sys_role_fun`(`role_no`,`fun_no`)VALUES('Z','cttransliteration/r');
INSERT INTO `dmt`.`sys_role_fun`(`role_no`,`fun_no`)VALUES('Z','cttransliteration/u');
INSERT INTO `dmt`.`sys_role_fun`(`role_no`,`fun_no`)VALUES('Z','cttransliteration/d');

INSERT INTO `sys_page`(`page_name`,`page_title`,`memo`)VALUES('fileupload','xxx','');

INSERT INTO `dmt`.`sys_fun`(`fun_no`,`page_name`,`action_type`,`action_no`,`action_name`)VALUES('fileupload/l','fileupload','l','l','xxx列表');
INSERT INTO `dmt`.`sys_fun`(`fun_no`,`page_name`,`action_type`,`action_no`,`action_name`)VALUES('fileupload/c','fileupload','c','c','创建xxx');
INSERT INTO `dmt`.`sys_fun`(`fun_no`,`page_name`,`action_type`,`action_no`,`action_name`)VALUES('fileupload/r','fileupload','r','r','xxx详情');
INSERT INTO `dmt`.`sys_fun`(`fun_no`,`page_name`,`action_type`,`action_no`,`action_name`)VALUES('fileupload/u','fileupload','u','u','更新xxx');
INSERT INTO `dmt`.`sys_fun`(`fun_no`,`page_name`,`action_type`,`action_no`,`action_name`)VALUES('fileupload/d','fileupload','d','d','删除xxx');

INSERT INTO `dmt`.`sys_role_fun`(`role_no`,`fun_no`)VALUES('Z','fileupload/l');
INSERT INTO `dmt`.`sys_role_fun`(`role_no`,`fun_no`)VALUES('Z','fileupload/c');
INSERT INTO `dmt`.`sys_role_fun`(`role_no`,`fun_no`)VALUES('Z','fileupload/r');
INSERT INTO `dmt`.`sys_role_fun`(`role_no`,`fun_no`)VALUES('Z','fileupload/u');
INSERT INTO `dmt`.`sys_role_fun`(`role_no`,`fun_no`)VALUES('Z','fileupload/d');

INSERT INTO `sys_page`(`page_name`,`page_title`,`memo`)VALUES('language','xxx','');

INSERT INTO `dmt`.`sys_fun`(`fun_no`,`page_name`,`action_type`,`action_no`,`action_name`)VALUES('language/l','language','l','l','xxx列表');
INSERT INTO `dmt`.`sys_fun`(`fun_no`,`page_name`,`action_type`,`action_no`,`action_name`)VALUES('language/c','language','c','c','创建xxx');
INSERT INTO `dmt`.`sys_fun`(`fun_no`,`page_name`,`action_type`,`action_no`,`action_name`)VALUES('language/r','language','r','r','xxx详情');
INSERT INTO `dmt`.`sys_fun`(`fun_no`,`page_name`,`action_type`,`action_no`,`action_name`)VALUES('language/u','language','u','u','更新xxx');
INSERT INTO `dmt`.`sys_fun`(`fun_no`,`page_name`,`action_type`,`action_no`,`action_name`)VALUES('language/d','language','d','d','删除xxx');

INSERT INTO `dmt`.`sys_role_fun`(`role_no`,`fun_no`)VALUES('Z','language/l');
INSERT INTO `dmt`.`sys_role_fun`(`role_no`,`fun_no`)VALUES('Z','language/c');
INSERT INTO `dmt`.`sys_role_fun`(`role_no`,`fun_no`)VALUES('Z','language/r');
INSERT INTO `dmt`.`sys_role_fun`(`role_no`,`fun_no`)VALUES('Z','language/u');
INSERT INTO `dmt`.`sys_role_fun`(`role_no`,`fun_no`)VALUES('Z','language/d');

INSERT INTO `sys_page`(`page_name`,`page_title`,`memo`)VALUES('project','xxx','');

INSERT INTO `dmt`.`sys_fun`(`fun_no`,`page_name`,`action_type`,`action_no`,`action_name`)VALUES('project/l','project','l','l','xxx列表');
INSERT INTO `dmt`.`sys_fun`(`fun_no`,`page_name`,`action_type`,`action_no`,`action_name`)VALUES('project/c','project','c','c','创建xxx');
INSERT INTO `dmt`.`sys_fun`(`fun_no`,`page_name`,`action_type`,`action_no`,`action_name`)VALUES('project/r','project','r','r','xxx详情');
INSERT INTO `dmt`.`sys_fun`(`fun_no`,`page_name`,`action_type`,`action_no`,`action_name`)VALUES('project/u','project','u','u','更新xxx');
INSERT INTO `dmt`.`sys_fun`(`fun_no`,`page_name`,`action_type`,`action_no`,`action_name`)VALUES('project/d','project','d','d','删除xxx');

INSERT INTO `dmt`.`sys_role_fun`(`role_no`,`fun_no`)VALUES('Z','project/l');
INSERT INTO `dmt`.`sys_role_fun`(`role_no`,`fun_no`)VALUES('Z','project/c');
INSERT INTO `dmt`.`sys_role_fun`(`role_no`,`fun_no`)VALUES('Z','project/r');
INSERT INTO `dmt`.`sys_role_fun`(`role_no`,`fun_no`)VALUES('Z','project/u');
INSERT INTO `dmt`.`sys_role_fun`(`role_no`,`fun_no`)VALUES('Z','project/d');

INSERT INTO `sys_page`(`page_name`,`page_title`,`memo`)VALUES('sysfun','xxx','');

INSERT INTO `dmt`.`sys_fun`(`fun_no`,`page_name`,`action_type`,`action_no`,`action_name`)VALUES('sysfun/l','sysfun','l','l','xxx列表');
INSERT INTO `dmt`.`sys_fun`(`fun_no`,`page_name`,`action_type`,`action_no`,`action_name`)VALUES('sysfun/c','sysfun','c','c','创建xxx');
INSERT INTO `dmt`.`sys_fun`(`fun_no`,`page_name`,`action_type`,`action_no`,`action_name`)VALUES('sysfun/r','sysfun','r','r','xxx详情');
INSERT INTO `dmt`.`sys_fun`(`fun_no`,`page_name`,`action_type`,`action_no`,`action_name`)VALUES('sysfun/u','sysfun','u','u','更新xxx');
INSERT INTO `dmt`.`sys_fun`(`fun_no`,`page_name`,`action_type`,`action_no`,`action_name`)VALUES('sysfun/d','sysfun','d','d','删除xxx');

INSERT INTO `dmt`.`sys_role_fun`(`role_no`,`fun_no`)VALUES('Z','sysfun/l');
INSERT INTO `dmt`.`sys_role_fun`(`role_no`,`fun_no`)VALUES('Z','sysfun/c');
INSERT INTO `dmt`.`sys_role_fun`(`role_no`,`fun_no`)VALUES('Z','sysfun/r');
INSERT INTO `dmt`.`sys_role_fun`(`role_no`,`fun_no`)VALUES('Z','sysfun/u');
INSERT INTO `dmt`.`sys_role_fun`(`role_no`,`fun_no`)VALUES('Z','sysfun/d');

INSERT INTO `sys_page`(`page_name`,`page_title`,`memo`)VALUES('syspage','xxx','');

INSERT INTO `dmt`.`sys_fun`(`fun_no`,`page_name`,`action_type`,`action_no`,`action_name`)VALUES('syspage/l','syspage','l','l','xxx列表');
INSERT INTO `dmt`.`sys_fun`(`fun_no`,`page_name`,`action_type`,`action_no`,`action_name`)VALUES('syspage/c','syspage','c','c','创建xxx');
INSERT INTO `dmt`.`sys_fun`(`fun_no`,`page_name`,`action_type`,`action_no`,`action_name`)VALUES('syspage/r','syspage','r','r','xxx详情');
INSERT INTO `dmt`.`sys_fun`(`fun_no`,`page_name`,`action_type`,`action_no`,`action_name`)VALUES('syspage/u','syspage','u','u','更新xxx');
INSERT INTO `dmt`.`sys_fun`(`fun_no`,`page_name`,`action_type`,`action_no`,`action_name`)VALUES('syspage/d','syspage','d','d','删除xxx');

INSERT INTO `dmt`.`sys_role_fun`(`role_no`,`fun_no`)VALUES('Z','syspage/l');
INSERT INTO `dmt`.`sys_role_fun`(`role_no`,`fun_no`)VALUES('Z','syspage/c');
INSERT INTO `dmt`.`sys_role_fun`(`role_no`,`fun_no`)VALUES('Z','syspage/r');
INSERT INTO `dmt`.`sys_role_fun`(`role_no`,`fun_no`)VALUES('Z','syspage/u');
INSERT INTO `dmt`.`sys_role_fun`(`role_no`,`fun_no`)VALUES('Z','syspage/d');

INSERT INTO `sys_page`(`page_name`,`page_title`,`memo`)VALUES('sysrolefun','xxx','');

INSERT INTO `dmt`.`sys_fun`(`fun_no`,`page_name`,`action_type`,`action_no`,`action_name`)VALUES('sysrolefun/l','sysrolefun','l','l','xxx列表');
INSERT INTO `dmt`.`sys_fun`(`fun_no`,`page_name`,`action_type`,`action_no`,`action_name`)VALUES('sysrolefun/c','sysrolefun','c','c','创建xxx');
INSERT INTO `dmt`.`sys_fun`(`fun_no`,`page_name`,`action_type`,`action_no`,`action_name`)VALUES('sysrolefun/r','sysrolefun','r','r','xxx详情');
INSERT INTO `dmt`.`sys_fun`(`fun_no`,`page_name`,`action_type`,`action_no`,`action_name`)VALUES('sysrolefun/u','sysrolefun','u','u','更新xxx');
INSERT INTO `dmt`.`sys_fun`(`fun_no`,`page_name`,`action_type`,`action_no`,`action_name`)VALUES('sysrolefun/d','sysrolefun','d','d','删除xxx');

INSERT INTO `dmt`.`sys_role_fun`(`role_no`,`fun_no`)VALUES('Z','sysrolefun/l');
INSERT INTO `dmt`.`sys_role_fun`(`role_no`,`fun_no`)VALUES('Z','sysrolefun/c');
INSERT INTO `dmt`.`sys_role_fun`(`role_no`,`fun_no`)VALUES('Z','sysrolefun/r');
INSERT INTO `dmt`.`sys_role_fun`(`role_no`,`fun_no`)VALUES('Z','sysrolefun/u');
INSERT INTO `dmt`.`sys_role_fun`(`role_no`,`fun_no`)VALUES('Z','sysrolefun/d');

INSERT INTO `sys_page`(`page_name`,`page_title`,`memo`)VALUES('sysrole','xxx','');

INSERT INTO `dmt`.`sys_fun`(`fun_no`,`page_name`,`action_type`,`action_no`,`action_name`)VALUES('sysrole/l','sysrole','l','l','xxx列表');
INSERT INTO `dmt`.`sys_fun`(`fun_no`,`page_name`,`action_type`,`action_no`,`action_name`)VALUES('sysrole/c','sysrole','c','c','创建xxx');
INSERT INTO `dmt`.`sys_fun`(`fun_no`,`page_name`,`action_type`,`action_no`,`action_name`)VALUES('sysrole/r','sysrole','r','r','xxx详情');
INSERT INTO `dmt`.`sys_fun`(`fun_no`,`page_name`,`action_type`,`action_no`,`action_name`)VALUES('sysrole/u','sysrole','u','u','更新xxx');
INSERT INTO `dmt`.`sys_fun`(`fun_no`,`page_name`,`action_type`,`action_no`,`action_name`)VALUES('sysrole/d','sysrole','d','d','删除xxx');

INSERT INTO `dmt`.`sys_role_fun`(`role_no`,`fun_no`)VALUES('Z','sysrole/l');
INSERT INTO `dmt`.`sys_role_fun`(`role_no`,`fun_no`)VALUES('Z','sysrole/c');
INSERT INTO `dmt`.`sys_role_fun`(`role_no`,`fun_no`)VALUES('Z','sysrole/r');
INSERT INTO `dmt`.`sys_role_fun`(`role_no`,`fun_no`)VALUES('Z','sysrole/u');
INSERT INTO `dmt`.`sys_role_fun`(`role_no`,`fun_no`)VALUES('Z','sysrole/d');

INSERT INTO `sys_page`(`page_name`,`page_title`,`memo`)VALUES('taskdetail','xxx','');

INSERT INTO `dmt`.`sys_fun`(`fun_no`,`page_name`,`action_type`,`action_no`,`action_name`)VALUES('taskdetail/l','taskdetail','l','l','xxx列表');
INSERT INTO `dmt`.`sys_fun`(`fun_no`,`page_name`,`action_type`,`action_no`,`action_name`)VALUES('taskdetail/c','taskdetail','c','c','创建xxx');
INSERT INTO `dmt`.`sys_fun`(`fun_no`,`page_name`,`action_type`,`action_no`,`action_name`)VALUES('taskdetail/r','taskdetail','r','r','xxx详情');
INSERT INTO `dmt`.`sys_fun`(`fun_no`,`page_name`,`action_type`,`action_no`,`action_name`)VALUES('taskdetail/u','taskdetail','u','u','更新xxx');
INSERT INTO `dmt`.`sys_fun`(`fun_no`,`page_name`,`action_type`,`action_no`,`action_name`)VALUES('taskdetail/d','taskdetail','d','d','删除xxx');

INSERT INTO `dmt`.`sys_role_fun`(`role_no`,`fun_no`)VALUES('Z','taskdetail/l');
INSERT INTO `dmt`.`sys_role_fun`(`role_no`,`fun_no`)VALUES('Z','taskdetail/c');
INSERT INTO `dmt`.`sys_role_fun`(`role_no`,`fun_no`)VALUES('Z','taskdetail/r');
INSERT INTO `dmt`.`sys_role_fun`(`role_no`,`fun_no`)VALUES('Z','taskdetail/u');
INSERT INTO `dmt`.`sys_role_fun`(`role_no`,`fun_no`)VALUES('Z','taskdetail/d');

INSERT INTO `sys_page`(`page_name`,`page_title`,`memo`)VALUES('task','xxx','');

INSERT INTO `dmt`.`sys_fun`(`fun_no`,`page_name`,`action_type`,`action_no`,`action_name`)VALUES('task/l','task','l','l','xxx列表');
INSERT INTO `dmt`.`sys_fun`(`fun_no`,`page_name`,`action_type`,`action_no`,`action_name`)VALUES('task/c','task','c','c','创建xxx');
INSERT INTO `dmt`.`sys_fun`(`fun_no`,`page_name`,`action_type`,`action_no`,`action_name`)VALUES('task/r','task','r','r','xxx详情');
INSERT INTO `dmt`.`sys_fun`(`fun_no`,`page_name`,`action_type`,`action_no`,`action_name`)VALUES('task/u','task','u','u','更新xxx');
INSERT INTO `dmt`.`sys_fun`(`fun_no`,`page_name`,`action_type`,`action_no`,`action_name`)VALUES('task/d','task','d','d','删除xxx');

INSERT INTO `dmt`.`sys_role_fun`(`role_no`,`fun_no`)VALUES('Z','task/l');
INSERT INTO `dmt`.`sys_role_fun`(`role_no`,`fun_no`)VALUES('Z','task/c');
INSERT INTO `dmt`.`sys_role_fun`(`role_no`,`fun_no`)VALUES('Z','task/r');
INSERT INTO `dmt`.`sys_role_fun`(`role_no`,`fun_no`)VALUES('Z','task/u');
INSERT INTO `dmt`.`sys_role_fun`(`role_no`,`fun_no`)VALUES('Z','task/d');

INSERT INTO `sys_page`(`page_name`,`page_title`,`memo`)VALUES('user','xxx','');

INSERT INTO `dmt`.`sys_fun`(`fun_no`,`page_name`,`action_type`,`action_no`,`action_name`)VALUES('user/l','user','l','l','xxx列表');
INSERT INTO `dmt`.`sys_fun`(`fun_no`,`page_name`,`action_type`,`action_no`,`action_name`)VALUES('user/c','user','c','c','创建xxx');
INSERT INTO `dmt`.`sys_fun`(`fun_no`,`page_name`,`action_type`,`action_no`,`action_name`)VALUES('user/r','user','r','r','xxx详情');
INSERT INTO `dmt`.`sys_fun`(`fun_no`,`page_name`,`action_type`,`action_no`,`action_name`)VALUES('user/u','user','u','u','更新xxx');
INSERT INTO `dmt`.`sys_fun`(`fun_no`,`page_name`,`action_type`,`action_no`,`action_name`)VALUES('user/d','user','d','d','删除xxx');

INSERT INTO `dmt`.`sys_role_fun`(`role_no`,`fun_no`)VALUES('Z','user/l');
INSERT INTO `dmt`.`sys_role_fun`(`role_no`,`fun_no`)VALUES('Z','user/c');
INSERT INTO `dmt`.`sys_role_fun`(`role_no`,`fun_no`)VALUES('Z','user/r');
INSERT INTO `dmt`.`sys_role_fun`(`role_no`,`fun_no`)VALUES('Z','user/u');
INSERT INTO `dmt`.`sys_role_fun`(`role_no`,`fun_no`)VALUES('Z','user/d');